guid,title,pubDate,description,link,media
,,,,,https://www.hindustantimes.com/rf/image_size_630x354/HT/p2/2020/04/27/Pictures/_baa41408-87f2-11ea-81b1-a01beea4c212.jpg
,,,,,https://www.hindustantimes.com/rf/image_size_630x354/HT/p2/2020/04/26/Pictures/_4c053860-87e3-11ea-bf89-3b987bd73d6a.jpg
,,,,,https://www.hindustantimes.com/rf/image_size_630x354/HT/p2/2020/04/26/Pictures/delhi-lockdown-covid-19-day-33_ea425e28-87e2-11ea-bf89-3b987bd73d6a.jpg
,,,,,https://www.hindustantimes.com/rf/image_size_630x354/HT/p2/2020/04/26/Pictures/kim-jong-un-kim-yo-jong_08c74598-87c0-11ea-bf89-3b987bd73d6a.jpg
,,,,,https://www.hindustantimes.com/rf/image_size_630x354/HT/p2/2020/04/26/Pictures/_b8bf4840-879a-11ea-a351-6978c1d205f3.jpg
,,,,,https://www.hindustantimes.com/rf/image_size_630x354/HT/p2/2020/03/15/Pictures/virus-outbreak-philippines_2d0405ca-6684-11ea-a22d-086e24190356.jpg
,,,,,https://www.hindustantimes.com/rf/image_size_630x354/HT/p2/2020/04/26/Pictures/_1641d130-87bf-11ea-81b1-a01beea4c212.jpg
,,,,,https://www.hindustantimes.com/rf/image_size_630x354/HT/p2/2020/04/26/Pictures/construction-photo-worker-worker-protective-nucleic-collects_9c936abc-87ad-11ea-a351-6978c1d205f3.jpg
,,,,,https://www.hindustantimes.com/rf/image_size_630x354/HT/p2/2020/04/26/Pictures/_beaf47ca-8784-11ea-81b1-a01beea4c212.jpg
,,,,,https://www.hindustantimes.com/rf/image_size_630x354/HT/p2/2020/04/25/Pictures/_77eec716-86ee-11ea-81b1-a01beea4c212.jpg
,,,,,https://www.hindustantimes.com/rf/image_size_630x354/HT/p2/2020/04/25/Pictures/_f2049aca-86ef-11ea-81b1-a01beea4c212.jpg
,,,,,https://www.hindustantimes.com/rf/image_size_630x354/HT/p2/2020/04/25/Pictures/outbreak-venice-the-coronavirus-disease-covid-19_c7a93bd6-86f0-11ea-81b1-a01beea4c212.jpg
,,,,,https://www.hindustantimes.com/rf/image_size_630x354/HT/p2/2020/04/25/Pictures/_c1bf56ca-86ef-11ea-81b1-a01beea4c212.jpg
,,,,,https://www.hindustantimes.com/rf/image_size_630x354/HT/p2/2020/04/25/Pictures/outbreak-jakarta-the-coronavirus-disease-covid-19_3534dd44-86ed-11ea-81b1-a01beea4c212.jpg
,,,,,https://www.hindustantimes.com/rf/image_size_630x354/HT/p2/2020/04/25/Pictures/prayers-concerns-suspended-coronavirus-mosques-disease-ramadan_ac23322c-86eb-11ea-81b1-a01beea4c212.jpg
